09:00 - 09:30,開場,開場,開場,開場,開場,開場
09:30 - 09:45,オープニング,,,,,
09:45 - 10:45,`基調講演: Armin Ronacher <keynote.html#session-15-0945-room230-ja>`_,,,,,
11:00 - 11:45,:ref:`session-15-1100-Room230-ja`,:ref:`session-15-1100-Room433-ja`,:ref:`session-15-1100-Room351a-ja`,:ref:`session-15-1100-Room357-ja`,:ref:`session-15-1100-Room452-ja`,:ref:`session-15-1100-Room358-ja`
11:45 - 13:30,昼休み,昼休み,昼休み,昼休み,昼休み,昼休み
13:30 - 14:15,:ref:`session-15-1330-Room230-ja`,:ref:`session-15-1330-Room433-ja`,:ref:`session-15-1330-Room351a-ja`,:ref:`session-15-1330-Room357-ja`,:ref:`session-15-1330-Room452-ja`,:ref:`session-15-1330-Room358-ja`
14:30 - 15:15,":ref:`session-15-1430-Room230-ja`

14:55 :ref:`session-15-1455-Room230-ja`",":ref:`session-15-1430-Room433-ja`

14:55 :ref:`session-15-1455-Room433-ja`",:ref:`session-15-1430-Room351a-ja`,:ref:`session-15-1430-Room357-ja`,:ref:`session-15-1430-Room452-ja`,:ref:`session-15-1430-Room358-ja`
15:30 - 16:15,:ref:`session-15-1530-Room230-ja`,:ref:`session-15-1530-Room433-ja`,:ref:`session-15-1530-Room351a-ja`,:ref:`session-15-1530-Room357-ja`,:ref:`session-15-1530-Room452-ja`,:ref:`session-15-1530-Room358-ja`
16:30 - 17:15,:ref:`session-15-1630-Room230-ja`,:ref:`session-15-1630-Room433-ja`,:ref:`session-15-1630-Room351a-ja`,:ref:`session-15-1630-Room357-ja`,:ref:`session-15-1630-Room452-ja`,:ref:`session-15-1630-Room358-ja`
17:30 - 18:30,:doc:`lightningtalks`,,,,,
18:30 - 18:45,closing,,,,,
